po_id,vendor_id,item_id,quantity,unit_price,order_date,expected_delivery,actual_delivery,status
1,15,18,378,55.74,2022-08-17,2022-08-25,2022-09-14,delayed
2,6,28,120,255.15,2022-06-28,2022-08-11,2022-08-06,delivered
3,15,58,302,142.7,2022-02-24,2022-04-07,2022-04-15,delivered
4,22,36,80,111.58,2022-01-14,2022-03-10,2022-04-11,delayed
5,23,45,310,135.94,2023-11-21,2023-12-04,2023-12-02,delivered
6,25,11,283,150.12,2022-03-30,2022-05-22,2022-05-20,delivered
7,3,85,117,387.67,2024-01-11,2024-02-23,,delivered
8,18,59,326,417.88,2022-06-13,2022-07-04,2022-08-02,delayed
9,45,88,332,40.34,2022-11-30,2022-12-30,2023-01-02,delivered
10,30,49,139,494.81,2022-12-17,2023-01-27,2023-02-11,delayed
11,15,5,413,161.15,2023-03-26,2023-05-15,,delivered
12,14,84,256,200.84,2023-07-03,2023-07-14,2023-07-19,delivered
13,48,72,276,135.06,2024-07-28,2024-08-13,2024-08-15,delivered
14,9,66,253,50.0,2024-05-27,2024-07-10,2024-07-12,delivered
15,44,55,306,36.45,2022-04-07,2022-04-21,2022-04-21,delivered
16,34,33,498,278.85,2024-02-21,2024-04-06,,cancelled
17,49,35,394,322.28,2022-01-24,2022-03-15,2022-04-23,delayed
18,1,93,449,361.24,2022-08-17,2022-09-11,2022-09-20,delivered
19,41,39,431,321.28,2024-10-22,2024-12-16,2024-12-14,delivered
20,35,100,473,267.53,2023-02-12,2023-02-28,2023-02-28,delivered
21,8,47,450,492.73,2022-01-02,2022-02-16,2022-02-11,delivered
22,6,94,249,408.93,2023-09-22,2023-10-14,2023-10-11,delivered
23,36,22,136,266.2,2024-12-26,2025-02-20,2025-03-02,delivered
24,49,94,354,104.57,2024-05-16,2024-06-05,,cancelled
25,42,48,225,450.31,2023-10-01,2023-11-02,,cancelled
26,22,3,302,279.19,2024-07-13,2024-07-27,2024-07-24,delivered
27,15,9,464,20.55,2023-03-28,2023-04-04,2023-03-31,delivered
28,43,63,110,271.92,2023-11-08,2023-11-19,2023-11-22,delivered
29,13,13,50,331.2,2024-08-26,2024-09-17,2024-10-18,delayed
30,44,84,331,53.72,2023-12-27,2024-01-30,,delivered
31,16,25,98,270.46,2024-04-04,2024-05-27,2024-05-25,delivered
32,16,10,227,404.97,2022-10-15,2022-11-18,2022-11-27,delivered
33,1,12,475,378.01,2022-07-20,2022-07-30,2022-09-07,delayed
34,14,52,463,34.02,2023-04-30,2023-05-17,2023-05-27,delivered
35,17,59,147,214.39,2024-02-16,2024-02-23,,cancelled
36,4,75,377,273.39,2024-09-23,2024-10-09,2024-10-10,delivered
37,33,68,81,33.16,2023-10-05,2023-10-15,2023-10-25,delivered
38,39,9,346,431.6,2024-11-06,2024-11-18,2024-11-27,delayed
39,37,32,297,299.29,2024-04-06,2024-04-20,,cancelled
40,34,41,479,134.08,2022-06-17,2022-07-20,2022-08-30,delayed
41,43,83,154,231.33,2023-10-06,2023-10-28,2023-10-27,delivered
42,5,69,110,255.41,2022-05-29,2022-06-05,2022-06-03,delivered
43,24,37,81,221.9,2022-09-29,2022-10-28,2022-11-17,delayed
44,42,68,5,335.59,2023-09-12,2023-10-28,,cancelled
45,17,15,456,57.98,2023-09-06,2023-10-25,2023-10-24,delivered
46,46,44,105,345.31,2022-11-15,2022-12-09,2022-12-10,delivered
47,6,82,217,415.53,2023-06-25,2023-08-03,2023-07-30,delivered
48,41,34,83,371.91,2022-04-01,2022-04-08,2022-04-07,delivered
49,45,20,280,22.83,2024-05-25,2024-07-06,2024-07-03,delivered
50,9,6,158,185.5,2024-01-27,2024-03-11,2024-03-19,delivered
51,43,14,182,391.16,2022-03-23,2022-04-21,2022-04-23,delivered
52,11,23,452,209.09,2024-04-12,2024-05-28,2024-06-17,delayed
53,27,86,443,368.85,2023-01-03,2023-02-26,,cancelled
54,25,5,440,237.99,2023-05-24,2023-06-17,2023-06-15,delivered
55,23,40,421,398.7,2023-02-13,2023-04-13,,cancelled
56,26,43,143,432.85,2023-04-12,2023-05-03,2023-05-04,delivered
57,44,69,170,469.92,2023-07-26,2023-08-24,,delivered
58,3,14,306,220.11,2022-08-25,2022-09-17,2022-09-20,delivered
59,25,74,98,131.09,2023-10-05,2023-11-08,,delivered
60,24,56,36,474.69,2024-06-12,2024-06-19,2024-06-20,delivered
61,47,39,260,158.1,2023-11-08,2023-12-24,2023-12-22,delivered
62,36,17,99,213.12,2024-04-16,2024-05-13,2024-05-17,delivered
63,40,73,155,206.01,2024-02-16,2024-04-06,2024-04-22,delayed
64,38,78,336,164.51,2022-01-01,2022-01-27,2022-02-04,delivered
65,31,95,87,331.13,2024-06-23,2024-07-28,2024-09-03,delayed
66,22,12,420,476.24,2023-08-05,2023-09-13,2023-10-27,delayed
67,10,4,24,126.2,2023-04-27,2023-06-16,2023-06-17,delivered
68,30,54,454,316.73,2024-08-31,2024-10-16,2024-10-25,delayed
69,26,32,76,329.75,2023-02-03,2023-03-27,2023-05-02,delayed
70,50,55,113,92.06,2022-01-12,2022-03-08,2022-03-19,delayed
71,8,59,69,401.7,2024-11-26,2025-01-01,2025-01-03,delivered
72,40,93,457,254.87,2024-12-23,2025-02-03,2025-02-12,delivered
73,29,34,385,127.38,2024-07-02,2024-07-19,2024-08-23,delayed
74,41,31,141,222.74,2023-07-22,2023-09-16,2023-10-22,delayed
75,35,11,71,79.66,2023-08-09,2023-08-31,2023-09-05,delivered
76,5,54,209,168.79,2024-02-24,2024-04-15,2024-04-16,delivered
77,25,99,300,473.3,2024-08-12,2024-09-14,2024-09-22,delivered
78,1,46,153,377.97,2022-02-10,2022-04-06,,delivered
79,39,29,250,113.61,2024-05-08,2024-06-18,2024-07-27,delayed
80,43,87,409,205.14,2024-06-11,2024-07-19,2024-07-24,delivered
81,40,69,14,453.93,2022-12-05,2023-02-03,2023-02-02,delivered
82,30,24,26,133.78,2022-02-25,2022-03-09,2022-03-08,delivered
83,49,49,143,377.24,2023-11-02,2023-11-22,2023-11-27,delivered
84,2,96,277,30.78,2024-05-13,2024-06-05,2024-07-10,delayed
85,49,4,487,127.41,2023-12-18,2024-01-08,2024-01-15,delayed
86,31,86,59,284.16,2022-02-11,2022-03-29,2022-03-28,delivered
87,11,78,311,482.05,2023-03-23,2023-04-28,2023-05-26,delayed
88,7,75,14,464.8,2022-08-23,2022-10-18,2022-11-11,delayed
89,13,10,304,346.85,2024-02-08,2024-03-11,,cancelled
90,44,77,413,64.92,2023-05-13,2023-05-26,2023-06-19,delayed
91,5,65,332,173.91,2022-03-26,2022-04-24,2022-04-30,delivered
92,24,82,457,415.21,2024-05-10,2024-07-08,2024-07-16,delivered
93,40,69,397,244.33,2022-11-10,2022-12-14,2022-12-17,delivered
94,21,32,426,467.64,2024-06-11,2024-08-09,2024-08-31,delayed
95,37,79,343,192.6,2023-07-26,2023-08-30,2023-09-08,delivered
96,32,28,182,399.93,2022-02-28,2022-04-07,2022-04-23,delayed
97,36,2,265,474.29,2023-11-29,2023-12-23,2024-01-14,delayed
98,36,98,124,346.85,2022-06-25,2022-07-17,2022-08-22,delayed
99,19,29,208,347.43,2024-10-02,2024-11-06,2024-11-16,delayed
100,36,68,177,215.62,2023-09-20,2023-11-08,2023-11-18,delivered
101,20,33,119,64.72,2023-11-09,2023-12-08,2023-12-30,delayed
102,13,28,379,244.68,2023-01-30,2023-02-26,2023-02-26,delivered
103,13,38,117,183.64,2024-12-10,2025-01-24,2025-01-22,delivered
104,18,6,499,31.99,2023-09-12,2023-09-19,2023-10-02,delayed
105,41,97,252,55.78,2023-08-22,2023-10-12,,cancelled
106,29,44,95,482.92,2022-01-26,2022-03-10,2022-03-20,delivered
107,26,63,38,290.63,2023-06-02,2023-07-09,2023-07-06,delivered
108,6,32,61,281.25,2022-04-20,2022-05-06,2022-05-10,delivered
109,50,67,195,228.0,2024-05-02,2024-06-16,2024-06-18,delivered
110,20,73,318,34.81,2024-06-25,2024-07-21,2024-08-22,delayed
111,17,85,42,82.74,2022-07-23,2022-09-16,2022-09-17,delivered
112,27,58,353,298.94,2022-12-22,2023-02-02,2023-01-28,delivered
113,45,59,37,345.26,2023-08-20,2023-08-29,2023-09-02,delivered
114,43,26,218,61.81,2023-06-26,2023-08-22,2023-10-03,delayed
115,10,10,31,87.13,2023-04-06,2023-05-24,2023-05-27,delivered
116,19,57,64,237.01,2023-09-22,2023-11-06,2023-12-17,delayed
117,33,70,253,221.69,2023-09-15,2023-11-05,2023-11-08,delivered
118,17,4,47,118.32,2022-03-23,2022-04-26,2022-06-08,delayed
119,37,6,391,379.35,2022-02-12,2022-04-08,2022-04-30,delayed
120,12,75,224,319.22,2024-08-21,2024-09-30,2024-10-22,delayed
121,22,42,344,56.78,2024-10-04,2024-10-16,2024-10-24,delivered
122,19,85,484,203.22,2022-11-26,2022-12-24,2023-01-03,delivered
123,21,15,497,387.41,2022-03-17,2022-04-22,2022-04-25,delivered
124,43,70,237,209.56,2024-11-19,2025-01-17,,cancelled
125,41,57,390,30.55,2023-01-20,2023-03-01,2023-03-11,delivered
126,29,90,249,65.11,2023-07-01,2023-08-12,2023-08-16,delivered
127,36,53,48,116.23,2023-05-06,2023-06-27,2023-06-22,delivered
128,42,20,256,466.66,2022-08-21,2022-09-26,,cancelled
129,31,61,125,231.11,2023-08-21,2023-09-29,2023-10-30,delayed
130,5,36,396,396.05,2022-10-24,2022-11-24,2022-11-23,delivered
131,33,35,421,6.27,2024-04-29,2024-05-27,,cancelled
132,10,58,276,244.75,2023-09-04,2023-11-03,2023-11-13,delivered
133,30,42,446,98.38,2023-11-12,2023-12-24,2024-01-22,delayed
134,3,41,382,239.12,2023-05-05,2023-06-17,2023-06-25,delivered
135,42,20,254,482.59,2024-02-20,2024-03-22,,cancelled
136,22,13,448,423.29,2022-09-16,2022-10-25,,cancelled
137,1,93,74,207.94,2022-07-24,2022-09-02,,cancelled
138,22,80,355,201.75,2022-11-13,2022-11-24,2022-11-27,delivered
139,25,41,321,360.77,2022-06-14,2022-07-12,2022-08-20,delayed
140,16,81,351,460.86,2024-09-26,2024-11-06,2024-11-03,delivered
141,49,82,361,436.93,2023-04-11,2023-06-04,2023-06-02,delivered
142,3,42,408,32.78,2024-06-27,2024-07-14,2024-07-20,delayed
143,34,53,290,342.49,2024-01-05,2024-02-04,2024-02-06,delivered
144,40,88,124,251.35,2023-01-04,2023-01-21,2023-01-28,delivered
145,30,33,342,9.65,2022-10-21,2022-11-11,2022-11-14,delivered
146,5,57,484,176.05,2024-08-10,2024-09-04,2024-09-19,delayed
147,45,33,234,423.43,2023-09-05,2023-10-22,,cancelled
148,16,49,293,182.68,2023-02-12,2023-03-15,2023-03-26,delayed
149,18,2,290,433.21,2023-08-29,2023-10-19,,delivered
150,50,30,311,401.96,2022-04-11,2022-05-26,2022-06-18,delayed
151,44,97,370,384.9,2023-03-25,2023-05-11,2023-05-14,delivered
152,20,57,18,291.89,2022-10-08,2022-11-24,2022-11-20,delivered
153,21,96,213,91.94,2022-09-27,2022-10-09,,cancelled
154,34,65,468,139.9,2022-09-28,2022-11-24,2022-11-30,delivered
155,31,38,383,435.85,2022-12-03,2022-12-26,,cancelled
156,10,97,495,116.68,2022-08-24,2022-09-29,,cancelled
157,26,2,136,270.6,2024-03-24,2024-05-21,2024-05-18,delivered
158,38,49,422,321.08,2024-07-20,2024-08-19,2024-09-09,delayed
159,2,80,453,471.87,2024-01-31,2024-02-13,2024-03-19,delayed
160,41,60,466,352.03,2023-11-03,2023-12-19,2023-12-16,delivered
161,20,64,60,53.11,2024-04-16,2024-04-30,2024-04-26,delivered
162,38,96,373,81.49,2022-10-05,2022-11-05,2022-11-13,delivered
163,40,53,481,476.0,2024-04-29,2024-06-16,2024-06-26,delivered
164,29,31,438,184.53,2022-03-09,2022-04-29,2022-05-08,delivered
165,42,46,32,202.08,2024-01-23,2024-03-04,,cancelled
166,30,12,340,109.99,2023-01-24,2023-02-07,,cancelled
167,9,73,106,38.96,2022-02-13,2022-02-23,2022-03-15,delayed
168,22,100,76,395.38,2023-03-01,2023-04-14,2023-04-16,delivered
169,9,70,129,400.26,2022-01-06,2022-01-30,2022-02-13,delayed
170,1,46,405,395.27,2022-08-14,2022-10-02,2022-10-15,delayed
171,9,95,216,265.41,2023-10-26,2023-11-03,2023-10-30,delivered
172,33,76,56,228.74,2022-05-11,2022-06-17,,delivered
173,30,83,494,20.42,2023-03-30,2023-05-15,2023-05-19,delivered
174,32,92,466,224.56,2024-09-07,2024-10-09,2024-10-07,delivered
175,9,36,320,318.37,2022-06-15,2022-07-12,2022-07-09,delivered
176,34,38,233,255.25,2023-10-28,2023-11-28,,cancelled
177,42,84,450,385.64,2024-05-31,2024-06-13,2024-06-25,delayed
178,27,44,424,229.48,2023-03-17,2023-04-20,2023-04-22,delivered
179,21,86,131,190.28,2024-05-01,2024-06-23,2024-07-01,delivered
180,5,12,426,47.26,2022-11-09,2022-12-29,,cancelled
181,9,72,31,295.3,2024-06-03,2024-06-16,2024-07-14,delayed
182,43,97,217,434.71,2023-11-07,2023-12-26,2024-01-01,delivered
183,7,74,260,110.31,2022-04-16,2022-05-11,2022-05-17,delivered
184,36,48,59,382.49,2024-09-14,2024-10-05,2024-11-01,delayed
185,39,85,425,348.27,2023-04-09,2023-06-06,2023-06-01,delivered
186,22,45,4,94.8,2022-03-01,2022-03-19,2022-03-23,delivered
187,10,95,325,486.05,2022-10-21,2022-12-03,2022-12-12,delayed
188,27,59,175,82.92,2022-07-07,2022-08-30,2022-09-06,delivered
189,4,20,81,378.45,2023-10-01,2023-11-23,2023-11-20,delivered
190,43,55,249,305.5,2022-04-12,2022-06-01,2022-06-10,delivered
191,23,56,57,145.21,2024-04-28,2024-05-22,,delivered
192,15,51,307,32.12,2024-09-23,2024-11-02,2024-11-09,delayed
193,50,18,392,131.48,2023-02-23,2023-03-21,,cancelled
194,12,17,195,268.63,2023-11-03,2023-11-17,2023-11-25,delivered
195,5,51,442,372.31,2023-04-17,2023-05-26,2023-06-01,delivered
196,21,74,220,288.83,2024-06-12,2024-06-20,2024-06-17,delivered
197,21,22,411,474.07,2024-05-05,2024-05-30,2024-05-25,delivered
198,6,56,433,57.4,2024-07-31,2024-09-29,2024-10-27,delayed
199,26,40,382,173.06,2024-06-11,2024-07-25,2024-07-22,delivered
200,34,66,100,453.43,2023-11-14,2024-01-09,2024-01-07,delivered
201,16,14,75,131.7,2023-12-17,2024-01-15,2024-01-29,delayed
202,12,99,322,249.59,2022-12-22,2023-02-05,,delivered
203,37,83,326,493.33,2024-07-08,2024-08-27,,cancelled
204,5,61,227,317.54,2023-10-24,2023-12-10,2023-12-19,delivered
205,20,60,232,23.62,2023-07-17,2023-08-30,2023-08-27,delivered
206,40,77,260,195.32,2024-01-26,2024-03-26,,delivered
207,37,84,97,164.16,2022-03-26,2022-04-30,,cancelled
208,29,14,416,450.07,2024-09-01,2024-10-10,2024-10-06,delivered
209,3,32,363,221.69,2023-12-05,2024-01-26,,delivered
210,24,48,470,145.03,2024-06-18,2024-07-28,2024-07-28,delivered
211,41,83,172,37.63,2024-04-17,2024-06-12,2024-06-08,delivered
212,17,93,437,330.0,2022-07-13,2022-08-24,2022-09-16,delayed
213,23,40,496,329.75,2022-11-04,2022-12-02,2022-12-01,delivered
214,20,72,193,323.53,2024-03-13,2024-03-28,2024-03-25,delivered
215,42,86,217,256.7,2023-11-04,2024-01-02,2023-12-30,delivered
216,22,99,249,100.04,2022-02-07,2022-03-09,2022-03-10,delivered
217,33,99,277,418.38,2022-10-09,2022-10-25,2022-10-23,delivered
218,9,77,193,81.36,2024-12-14,2024-12-23,2025-02-05,delayed
219,11,93,225,26.63,2023-01-06,2023-03-07,2023-04-20,delayed
220,40,37,386,375.53,2024-01-17,2024-03-07,2024-04-09,delayed
221,31,25,189,340.76,2024-07-08,2024-07-29,2024-08-02,delivered
222,33,68,215,483.3,2024-06-21,2024-07-27,2024-08-25,delayed
223,4,83,247,437.69,2023-02-13,2023-04-12,,delivered
224,19,11,391,84.35,2022-07-30,2022-09-20,2022-10-02,delayed
225,6,29,419,228.31,2024-07-09,2024-08-17,2024-08-25,delivered
226,33,48,121,196.15,2023-12-17,2023-12-25,2024-01-01,delivered
227,7,92,333,170.97,2022-06-17,2022-07-17,2022-07-22,delivered
228,45,18,389,354.24,2022-10-27,2022-11-11,2022-11-21,delivered
229,2,33,111,418.31,2024-07-07,2024-08-22,2024-08-19,delivered
230,16,39,63,28.64,2024-12-16,2025-01-19,2025-01-23,delivered
231,5,15,429,453.05,2024-05-09,2024-06-25,2024-07-29,delayed
232,46,19,150,217.47,2022-02-03,2022-03-22,2022-03-24,delivered
233,43,86,44,264.12,2023-12-24,2024-01-15,2024-01-15,delivered
234,35,65,403,494.22,2024-01-09,2024-01-20,,cancelled
235,41,50,192,130.56,2022-02-11,2022-03-14,2022-03-21,delayed
236,16,94,337,315.99,2022-02-03,2022-03-04,2022-03-31,delayed
237,42,23,426,390.68,2023-11-12,2023-11-27,2023-12-02,delivered
238,9,9,367,389.21,2024-08-09,2024-09-29,,delivered
239,13,6,162,467.02,2024-07-26,2024-08-04,2024-07-31,delivered
240,35,61,130,23.13,2024-11-21,2024-12-23,,cancelled
241,42,43,140,66.62,2023-01-27,2023-02-21,2023-02-17,delivered
242,25,44,499,97.47,2024-01-24,2024-02-27,2024-03-31,delayed
243,34,35,411,45.89,2024-10-15,2024-11-14,,cancelled
244,35,38,165,55.79,2024-05-19,2024-05-31,2024-05-31,delivered
245,39,92,219,87.49,2023-11-03,2023-12-22,,delivered
246,40,56,141,321.54,2024-06-28,2024-07-27,2024-08-02,delivered
247,24,66,411,376.2,2022-04-28,2022-05-09,2022-06-08,delayed
248,3,17,35,121.82,2022-11-24,2022-12-02,2022-12-11,delivered
249,39,20,348,227.71,2024-01-21,2024-02-20,2024-02-16,delivered
250,37,18,272,186.64,2024-01-30,2024-02-29,2024-02-26,delivered
251,2,95,96,252.03,2023-10-06,2023-11-23,2023-11-21,delivered
252,46,58,110,498.2,2024-03-03,2024-04-14,2024-04-17,delivered
253,32,26,63,72.19,2023-08-08,2023-09-28,,cancelled
254,6,88,496,423.53,2022-06-01,2022-07-06,2022-07-15,delivered
255,36,70,149,446.21,2023-10-17,2023-12-05,2023-12-02,delivered
256,12,47,261,116.0,2022-11-19,2023-01-10,2023-02-24,delayed
257,2,47,284,288.28,2023-02-16,2023-04-14,2023-04-24,delivered
258,9,79,453,47.68,2024-08-15,2024-10-12,,cancelled
259,47,62,270,208.34,2023-09-26,2023-10-28,,cancelled
260,21,83,38,227.74,2024-04-18,2024-06-16,,delivered
261,50,17,222,253.92,2024-11-25,2024-12-24,2024-12-24,delivered
262,20,22,83,164.72,2022-04-24,2022-06-23,2022-06-22,delivered
263,34,37,434,44.04,2023-04-07,2023-05-06,,cancelled
264,18,17,321,154.9,2023-02-07,2023-03-26,,cancelled
265,38,75,79,89.74,2024-12-28,2025-01-09,2025-01-09,delivered
266,3,4,42,27.5,2023-11-23,2024-01-22,,cancelled
267,40,82,16,251.53,2023-06-27,2023-08-14,2023-08-22,delivered
268,31,32,413,404.64,2023-08-17,2023-10-04,,cancelled
269,11,57,213,244.7,2024-04-11,2024-05-07,2024-05-03,delivered
270,46,41,376,494.07,2023-02-22,2023-03-22,2023-03-27,delivered
271,33,72,55,162.96,2023-12-09,2024-01-10,2024-01-16,delivered
272,10,13,26,148.65,2024-08-13,2024-08-27,2024-08-29,delivered
273,21,74,370,159.79,2024-02-26,2024-04-12,2024-04-12,delivered
274,30,64,451,157.73,2022-11-23,2022-12-31,,cancelled
275,33,59,495,124.16,2022-02-17,2022-03-01,,cancelled
276,39,84,345,237.94,2023-12-24,2024-01-03,2024-01-13,delivered
277,47,47,392,204.61,2022-01-17,2022-01-30,2022-02-02,delivered
278,24,71,148,41.4,2022-04-03,2022-05-05,2022-05-06,delivered
279,40,88,313,63.81,2024-10-29,2024-12-03,2024-12-25,delayed
280,36,47,387,76.41,2022-07-18,2022-08-19,2022-08-24,delivered
281,3,18,366,169.86,2024-11-08,2024-12-10,2024-12-06,delivered
282,21,79,164,85.44,2024-08-28,2024-10-07,2024-10-06,delivered
283,46,73,154,240.07,2023-09-05,2023-10-19,2023-10-29,delivered
284,27,75,158,399.39,2022-02-04,2022-03-06,,delivered
285,47,7,299,242.82,2022-02-24,2022-04-10,2022-04-12,delivered
286,10,88,125,20.63,2024-12-09,2025-01-25,2025-02-23,delayed
287,27,20,212,346.8,2022-08-14,2022-09-02,2022-09-07,delivered
288,48,94,32,354.36,2024-04-20,2024-05-29,2024-07-03,delayed
289,34,49,161,478.56,2024-11-28,2024-12-18,2024-12-28,delivered
290,44,99,445,361.86,2024-07-30,2024-09-09,2024-09-15,delivered
291,18,72,153,116.31,2023-06-26,2023-08-11,,delivered
292,45,91,251,161.94,2023-09-02,2023-10-28,,delivered
293,47,36,148,65.33,2023-12-16,2024-01-27,,cancelled
294,19,6,148,477.88,2024-02-17,2024-03-20,2024-04-03,delayed
295,42,33,383,242.14,2022-06-11,2022-07-10,,cancelled
296,9,14,316,371.74,2023-02-18,2023-04-18,2023-04-21,delivered
297,41,30,27,54.6,2023-05-06,2023-05-28,2023-05-30,delivered
298,1,71,476,83.18,2023-11-08,2023-12-30,2023-12-29,delivered
299,21,37,331,34.29,2024-09-01,2024-10-08,2024-10-31,delayed
300,12,54,452,419.61,2022-07-03,2022-08-20,,delivered
301,12,96,493,436.78,2022-03-16,2022-05-15,,delivered
302,22,37,233,494.6,2023-08-16,2023-08-25,2023-08-23,delivered
303,33,60,140,100.44,2024-12-09,2025-01-16,2025-01-29,delayed
304,42,33,368,97.17,2022-08-19,2022-09-16,2022-09-25,delivered
305,12,79,439,321.17,2023-11-22,2024-01-18,2024-01-19,delivered
306,6,52,343,52.22,2024-04-10,2024-06-08,2024-06-13,delivered
307,1,34,197,121.58,2022-10-15,2022-11-21,2022-11-23,delivered
308,17,84,185,347.92,2023-07-01,2023-07-29,2023-07-24,delivered
309,11,52,352,253.75,2022-05-08,2022-06-26,2022-06-30,delivered
310,24,79,114,113.47,2023-09-29,2023-11-19,2023-11-23,delivered
311,27,90,282,456.83,2022-10-01,2022-11-07,2022-11-13,delivered
312,34,58,271,353.36,2023-03-24,2023-05-18,,delivered
313,37,69,77,86.45,2022-06-09,2022-07-22,,delivered
314,46,75,251,50.02,2024-12-01,2025-01-05,2025-01-06,delivered
315,9,66,213,231.12,2024-11-11,2024-12-16,2025-01-19,delayed
316,47,3,203,130.96,2022-04-29,2022-06-10,2022-06-14,delivered
317,3,55,177,351.69,2022-01-07,2022-03-02,2022-02-27,delivered
318,31,5,147,207.39,2022-05-04,2022-05-15,,cancelled
319,24,49,230,435.46,2022-10-05,2022-11-30,2022-12-08,delivered
320,42,45,61,93.34,2024-02-13,2024-03-15,2024-03-14,delivered
321,1,97,12,489.35,2024-03-15,2024-04-24,2024-04-26,delivered
322,35,49,422,118.68,2024-08-06,2024-09-25,2024-10-27,delayed
323,47,98,58,20.95,2024-08-01,2024-08-30,2024-08-31,delivered
324,16,27,35,54.94,2024-05-08,2024-06-23,2024-06-29,delayed
325,16,95,23,204.12,2022-03-10,2022-04-14,2022-04-10,delivered
326,9,65,149,120.91,2023-04-25,2023-06-05,2023-06-01,delivered
327,16,39,449,75.91,2023-10-16,2023-11-28,2023-12-03,delivered
328,4,72,486,297.88,2024-12-03,2024-12-24,2024-12-27,delivered
329,32,7,498,175.49,2022-12-25,2023-02-10,2023-03-22,delayed
330,27,20,154,191.35,2024-02-20,2024-04-17,2024-04-25,delivered
331,46,19,413,234.2,2024-08-27,2024-09-18,2024-10-12,delayed
332,36,68,69,197.27,2022-04-29,2022-06-10,2022-06-18,delivered
333,29,48,48,270.14,2023-06-07,2023-06-27,,delivered
334,5,25,412,382.04,2023-01-26,2023-02-05,2023-02-01,delivered
335,20,2,109,468.89,2023-03-21,2023-04-27,,delivered
336,31,32,357,304.18,2022-08-29,2022-10-22,,cancelled
337,36,42,398,145.11,2023-02-23,2023-03-27,,cancelled
338,17,47,263,441.99,2024-08-12,2024-09-22,2024-09-26,delivered
339,49,41,469,105.55,2024-08-12,2024-08-25,2024-09-29,delayed
340,48,19,9,134.08,2023-10-03,2023-11-05,,delivered
341,15,49,292,417.51,2024-05-05,2024-05-30,2024-06-04,delivered
342,17,98,421,246.87,2024-10-19,2024-11-30,2024-12-26,delayed
343,11,18,369,275.54,2024-10-01,2024-11-06,2024-11-12,delivered
344,4,68,18,420.34,2023-01-12,2023-02-22,,cancelled
345,27,18,432,317.2,2022-06-02,2022-07-31,2022-08-05,delayed
346,33,59,192,34.92,2022-05-20,2022-07-11,2022-07-12,delivered
347,35,71,211,10.87,2024-09-16,2024-11-04,2024-10-30,delivered
348,2,65,417,350.44,2024-12-20,2025-02-11,,delivered
349,12,14,471,52.68,2024-05-31,2024-07-28,,cancelled
350,23,35,408,201.46,2022-11-01,2022-11-23,2022-11-26,delivered
351,45,29,154,343.6,2024-02-04,2024-03-07,2024-03-09,delivered
352,42,98,17,51.28,2022-06-15,2022-08-02,,cancelled
353,41,2,360,89.83,2024-02-16,2024-03-18,2024-03-14,delivered
354,37,13,459,266.44,2024-10-20,2024-11-23,2024-11-28,delivered
355,18,6,474,41.8,2022-03-29,2022-04-19,,delivered
356,12,41,9,480.93,2023-07-29,2023-09-08,2023-09-04,delivered
357,5,39,84,284.16,2022-10-23,2022-12-17,2023-01-16,delayed
358,25,97,379,74.28,2024-03-07,2024-04-26,2024-05-22,delayed
359,4,13,224,119.91,2022-06-10,2022-07-19,2022-08-15,delayed
360,50,42,16,318.89,2022-06-05,2022-07-03,2022-07-10,delivered
361,28,24,349,295.01,2024-07-11,2024-08-18,2024-08-25,delivered
362,16,92,38,45.61,2024-02-18,2024-03-01,2024-03-24,delayed
363,10,95,200,161.76,2022-11-12,2022-12-13,2023-01-27,delayed
364,29,47,390,138.53,2022-08-07,2022-08-19,2022-08-23,delivered
365,36,72,263,206.98,2022-09-29,2022-10-11,2022-10-20,delivered
366,39,77,402,165.59,2022-02-23,2022-03-07,2022-03-04,delivered
367,50,11,372,451.06,2024-02-28,2024-03-06,2024-03-13,delivered
368,11,18,138,154.06,2023-05-13,2023-06-25,2023-07-02,delivered
369,18,54,154,244.69,2024-10-06,2024-10-22,2024-10-30,delivered
370,47,81,254,298.93,2022-06-07,2022-07-07,,delivered
371,1,51,171,421.6,2023-02-05,2023-03-13,2023-03-17,delivered
372,22,56,418,412.65,2024-02-18,2024-04-16,2024-05-19,delayed
373,31,41,91,482.46,2022-10-06,2022-11-01,,delivered
374,32,74,401,125.0,2023-10-16,2023-11-10,2023-12-25,delayed
375,24,15,478,284.11,2024-02-10,2024-03-05,2024-04-04,delayed
376,47,60,483,355.64,2023-01-04,2023-02-23,2023-03-01,delayed
377,27,87,256,73.89,2024-06-16,2024-08-13,2024-08-10,delivered
378,46,55,405,191.61,2023-09-13,2023-10-05,,delivered
379,35,65,473,460.59,2024-07-08,2024-08-22,2024-08-29,delivered
380,45,69,305,320.9,2024-05-06,2024-06-16,2024-06-22,delivered
381,11,83,314,26.93,2022-06-24,2022-07-07,2022-08-03,delayed
382,7,2,51,133.08,2024-03-29,2024-05-23,2024-05-31,delivered
383,29,48,201,234.22,2024-11-11,2025-01-04,2025-01-06,delivered
384,31,14,152,210.91,2024-10-21,2024-11-06,2024-11-01,delivered
385,23,40,176,230.39,2022-06-25,2022-07-09,2022-07-23,delayed
386,7,57,370,349.9,2023-02-28,2023-04-09,2023-04-19,delivered
387,2,44,332,59.13,2023-10-16,2023-10-27,2023-10-25,delivered
388,36,21,170,282.13,2022-12-03,2023-01-26,2023-01-26,delivered
389,12,24,328,330.37,2024-08-04,2024-08-25,2024-10-09,delayed
390,29,76,220,197.47,2024-03-21,2024-03-29,2024-04-15,delayed
391,37,14,410,436.63,2023-03-16,2023-04-05,2023-04-02,delivered
392,8,34,344,432.01,2023-01-18,2023-02-17,2023-02-26,delivered
393,40,51,301,61.54,2024-12-16,2025-02-01,2025-02-08,delivered
394,40,76,44,337.69,2023-12-22,2024-01-27,2024-01-31,delivered
395,12,48,356,74.97,2023-10-04,2023-10-18,2023-10-16,delivered
396,28,24,250,319.57,2024-03-06,2024-04-08,2024-04-15,delivered
397,9,24,162,421.78,2022-12-21,2023-02-01,2023-02-05,delivered
398,32,18,100,408.53,2022-04-20,2022-05-19,,cancelled
399,27,91,431,224.71,2024-11-01,2024-12-19,2024-12-29,delivered
400,19,5,141,116.3,2022-12-09,2022-12-21,2022-12-23,delivered
401,48,99,393,250.18,2023-08-15,2023-09-01,2023-10-12,delayed
402,50,70,422,495.49,2024-11-12,2024-11-26,2024-11-29,delivered
403,14,55,53,369.31,2022-03-27,2022-05-21,2022-06-29,delayed
404,29,34,179,431.79,2023-05-22,2023-06-17,2023-06-24,delayed
405,50,31,108,406.3,2022-06-28,2022-08-02,2022-08-14,delayed
406,11,79,72,393.5,2023-12-20,2024-02-10,2024-02-18,delivered
407,35,36,306,271.69,2023-02-28,2023-04-27,2023-05-03,delivered
408,33,87,418,52.14,2023-10-25,2023-12-16,,delivered
409,42,17,360,433.71,2024-04-22,2024-05-02,,cancelled
410,49,87,202,247.28,2023-05-27,2023-06-12,2023-07-02,delayed
411,5,82,407,440.66,2023-07-05,2023-08-21,2023-08-30,delivered
412,45,48,233,475.38,2022-07-10,2022-08-11,2022-08-14,delivered
413,47,59,326,333.75,2023-11-02,2023-12-16,2023-12-13,delivered
414,14,55,423,109.87,2024-01-04,2024-01-15,2024-02-14,delayed
415,36,74,67,285.24,2023-07-04,2023-07-31,2023-08-26,delayed
416,3,13,321,393.03,2024-09-20,2024-11-16,2024-11-12,delivered
417,29,59,1,495.96,2024-07-30,2024-08-07,2024-08-07,delivered
418,9,84,155,83.69,2024-05-26,2024-06-14,,cancelled
419,6,48,341,452.38,2023-07-16,2023-07-28,2023-08-18,delayed
420,47,90,387,120.9,2022-12-05,2022-12-15,2022-12-19,delivered
421,31,10,68,298.87,2022-07-06,2022-08-27,2022-08-28,delivered
422,45,44,419,64.69,2024-11-29,2025-01-18,2025-01-13,delivered
423,15,50,46,366.73,2024-05-14,2024-07-04,,delivered
424,9,49,397,407.62,2022-07-29,2022-08-11,2022-08-15,delivered
425,10,9,272,283.83,2022-09-30,2022-11-17,,cancelled
426,41,96,78,460.35,2022-12-03,2023-01-07,2023-01-08,delivered
427,9,97,64,296.84,2024-06-25,2024-07-15,2024-07-13,delivered
428,21,18,127,142.1,2024-02-26,2024-03-26,,cancelled
429,50,89,14,424.71,2022-06-22,2022-07-14,2022-07-18,delivered
430,48,51,152,324.85,2023-09-10,2023-09-30,2023-10-01,delivered
431,32,82,305,40.15,2023-05-06,2023-06-13,2023-06-15,delivered
432,9,50,441,420.29,2022-01-25,2022-02-24,,cancelled
433,49,61,489,493.75,2024-05-11,2024-06-10,2024-06-10,delivered
434,17,28,21,461.68,2022-05-30,2022-06-07,2022-06-02,delivered
435,28,90,206,45.8,2024-03-26,2024-05-04,,delivered
436,33,27,499,404.99,2022-11-09,2022-12-03,2022-11-30,delivered
437,20,90,224,366.33,2023-11-01,2023-12-03,,delivered
438,8,59,314,306.37,2023-05-04,2023-05-14,2023-05-22,delivered
439,8,2,363,72.92,2023-09-26,2023-11-14,2023-11-30,delayed
440,34,67,401,412.14,2022-01-24,2022-02-10,,delivered
441,47,16,395,450.45,2023-06-15,2023-07-02,,delivered
442,17,92,500,290.44,2023-11-18,2024-01-15,2024-01-12,delivered
443,4,64,440,285.61,2022-06-07,2022-07-15,2022-07-21,delivered
444,37,87,371,62.09,2024-01-24,2024-02-10,2024-02-08,delivered
445,16,6,242,185.17,2024-11-08,2024-11-15,2024-11-10,delivered
446,3,71,412,457.4,2022-11-04,2022-11-22,,cancelled
447,47,41,139,413.87,2024-05-08,2024-05-29,2024-06-06,delivered
448,12,29,412,260.31,2024-02-03,2024-02-17,2024-02-13,delivered
449,19,100,433,158.8,2022-04-05,2022-05-07,2022-05-16,delivered
450,13,38,289,393.33,2022-06-26,2022-08-07,,delivered
451,50,100,101,367.57,2023-05-12,2023-06-17,2023-06-27,delivered
452,2,30,278,176.48,2023-05-18,2023-06-03,2023-06-11,delivered
453,48,94,158,56.45,2022-01-20,2022-02-17,2022-02-24,delivered
454,10,92,144,51.05,2024-12-21,2025-01-12,2025-01-08,delivered
455,30,96,44,292.48,2023-04-20,2023-05-30,2023-06-05,delivered
456,5,76,291,35.83,2024-11-01,2024-11-16,2024-11-23,delivered
457,26,90,426,369.0,2022-09-25,2022-10-17,,delivered
458,13,18,400,386.22,2023-10-14,2023-11-18,2023-11-15,delivered
459,30,41,209,64.76,2022-08-12,2022-08-28,,delivered
460,30,34,437,64.36,2024-01-04,2024-02-29,2024-03-04,delivered
461,3,28,428,429.0,2022-11-19,2023-01-16,2023-02-28,delayed
462,26,66,26,340.21,2022-10-31,2022-11-12,2022-12-09,delayed
463,2,52,438,228.84,2023-06-17,2023-08-15,,cancelled
464,8,2,32,416.03,2023-05-27,2023-06-09,2023-06-08,delivered
465,24,88,323,469.1,2023-04-01,2023-04-16,2023-04-23,delivered
466,2,9,102,451.74,2022-06-22,2022-08-05,2022-08-02,delivered
467,8,6,483,233.19,2024-06-27,2024-08-24,2024-08-29,delivered
468,32,4,196,343.19,2022-12-11,2023-01-23,2023-01-30,delivered
469,18,36,229,442.29,2022-12-20,2023-01-18,2023-01-18,delivered
470,42,38,256,208.94,2022-03-12,2022-04-27,2022-04-29,delivered
471,9,54,103,323.11,2024-09-08,2024-09-18,,delivered
472,25,92,184,242.44,2024-12-12,2025-01-03,2024-12-29,delivered
473,33,42,199,138.87,2024-09-19,2024-10-18,,cancelled
474,50,36,30,405.28,2022-02-23,2022-03-22,2022-03-17,delivered
475,11,13,127,330.15,2024-08-24,2024-10-03,2024-10-05,delivered
476,49,29,295,424.02,2023-06-30,2023-08-10,2023-08-18,delayed
477,12,23,122,298.3,2024-03-06,2024-04-04,,cancelled
478,37,73,73,283.74,2024-01-05,2024-02-18,2024-02-24,delivered
479,32,70,159,91.9,2023-01-21,2023-03-22,,cancelled
480,2,68,245,5.34,2022-03-19,2022-03-31,2022-04-02,delivered
481,21,8,12,78.12,2023-02-17,2023-04-16,2023-04-16,delivered
482,5,48,361,471.25,2022-10-18,2022-12-13,2022-12-19,delivered
483,21,18,500,82.96,2024-03-21,2024-05-04,2024-05-08,delivered
484,42,41,90,355.06,2024-06-13,2024-08-09,2024-08-19,delivered
485,25,40,376,345.81,2024-01-01,2024-01-22,2024-02-07,delayed
486,26,99,495,285.9,2022-09-18,2022-10-06,2022-11-16,delayed
487,41,73,54,468.66,2023-01-08,2023-02-22,,delivered
488,23,41,86,319.91,2022-10-16,2022-11-13,2022-12-03,delayed
489,47,43,229,10.64,2022-07-01,2022-08-29,2022-10-13,delayed
490,17,14,369,5.63,2023-03-06,2023-03-28,2023-04-24,delayed
491,27,64,452,192.46,2024-03-01,2024-04-05,2024-04-20,delayed
492,42,98,352,116.66,2024-02-08,2024-02-21,2024-04-02,delayed
493,19,3,164,134.26,2024-07-13,2024-07-24,2024-07-31,delayed
494,11,94,39,275.79,2022-08-03,2022-08-14,2022-08-21,delivered
495,46,4,221,471.51,2022-07-10,2022-08-07,2022-08-17,delivered
496,4,13,170,106.75,2022-12-04,2023-01-18,2023-02-02,delayed
497,17,85,145,152.21,2023-01-25,2023-02-27,2023-04-07,delayed
498,10,7,185,6.89,2022-07-16,2022-07-26,,delivered
499,39,62,103,53.01,2022-06-29,2022-07-24,2022-09-07,delayed
500,31,15,158,393.51,2023-02-28,2023-03-17,2023-03-14,delivered
501,6,83,279,196.83,2024-08-22,2024-09-29,2024-10-20,delayed
502,3,34,226,235.2,2024-01-30,2024-03-01,2024-03-10,delivered
503,10,97,357,335.4,2023-04-09,2023-06-08,2023-06-04,delivered
504,49,76,117,279.03,2022-06-25,2022-08-13,2022-08-21,delivered
505,37,31,244,152.93,2024-03-03,2024-05-01,2024-05-11,delivered
506,8,97,230,90.58,2024-03-19,2024-05-10,2024-05-09,delivered
507,3,55,41,494.2,2022-12-09,2022-12-29,2023-01-11,delayed
508,41,19,428,299.55,2024-06-10,2024-06-29,,cancelled
509,5,12,199,280.4,2023-10-17,2023-12-09,,cancelled
510,45,80,301,263.67,2023-10-30,2023-11-23,2023-11-18,delivered
511,37,76,299,380.4,2024-05-09,2024-05-23,2024-05-22,delivered
512,19,69,451,175.22,2022-07-25,2022-08-07,2022-08-05,delivered
513,37,78,243,23.55,2024-04-21,2024-05-14,2024-05-24,delivered
514,3,51,456,440.08,2023-07-19,2023-08-20,2023-08-27,delivered
515,24,3,173,409.61,2023-05-02,2023-05-12,2023-06-03,delayed
516,45,88,51,486.39,2023-09-13,2023-10-09,,delivered
517,50,42,138,365.76,2023-04-12,2023-04-27,2023-05-06,delivered
518,48,63,389,260.67,2022-07-02,2022-07-21,2022-07-29,delivered
519,5,40,364,255.86,2024-02-05,2024-04-04,2024-04-04,delivered
520,2,23,99,438.21,2022-10-05,2022-11-30,2023-01-10,delayed
521,30,7,471,183.39,2023-02-16,2023-04-17,2023-04-13,delivered
522,33,51,326,461.92,2023-02-12,2023-03-08,2023-03-17,delivered
523,12,61,301,277.91,2022-03-04,2022-03-26,2022-04-04,delivered
524,48,89,47,146.11,2023-12-07,2023-12-24,2024-01-14,delayed
525,15,83,116,340.46,2024-03-02,2024-03-12,2024-03-13,delivered
526,50,99,350,9.4,2023-07-06,2023-08-23,2023-08-18,delivered
527,15,33,312,403.52,2022-09-28,2022-11-15,2022-11-10,delivered
528,42,36,217,448.26,2023-09-18,2023-11-09,,cancelled
529,20,87,267,413.03,2023-12-16,2024-01-21,,delivered
530,36,83,305,306.48,2024-03-24,2024-05-07,2024-05-13,delivered
531,22,36,328,165.94,2023-09-04,2023-10-24,2023-10-21,delivered
532,13,20,265,383.91,2023-07-22,2023-08-14,2023-09-07,delayed
533,26,85,164,341.97,2022-04-27,2022-06-24,2022-08-06,delayed
534,17,54,208,197.2,2022-02-22,2022-04-11,2022-04-15,delivered
535,13,44,372,358.12,2022-03-14,2022-04-27,2022-06-07,delayed
536,33,39,433,89.14,2024-12-30,2025-02-15,2025-03-14,delayed
537,48,34,372,405.13,2023-01-06,2023-01-31,2023-01-30,delivered
538,15,46,115,373.38,2023-01-10,2023-03-01,2023-03-11,delayed
539,24,34,300,150.56,2023-09-21,2023-10-24,2023-11-19,delayed
540,31,25,257,64.31,2022-08-30,2022-10-06,2022-10-03,delivered
541,10,18,103,174.62,2024-02-21,2024-04-01,2024-03-28,delivered
542,50,11,250,169.65,2024-07-26,2024-08-11,2024-08-11,delivered
543,29,36,108,381.79,2022-12-29,2023-01-25,2023-01-20,delivered
544,49,100,46,69.06,2022-12-12,2023-01-24,2023-03-01,delayed
545,31,50,3,23.67,2024-06-07,2024-07-24,2024-08-01,delivered
546,21,97,427,267.86,2023-02-13,2023-04-07,2023-04-02,delivered
547,15,89,450,175.45,2022-02-06,2022-03-28,2022-03-30,delivered
548,11,9,422,27.63,2022-09-22,2022-10-05,2022-10-09,delivered
549,34,44,223,444.55,2023-08-19,2023-09-24,2023-11-06,delayed
550,32,46,385,98.27,2022-10-02,2022-10-30,,cancelled
551,14,94,12,296.9,2024-04-06,2024-04-14,2024-04-13,delivered
552,25,82,131,386.77,2022-12-13,2022-12-27,2022-12-23,delivered
553,43,14,335,418.88,2022-04-10,2022-05-25,,cancelled
554,25,16,281,130.11,2022-04-09,2022-05-30,2022-06-08,delivered
555,1,39,216,332.52,2022-11-10,2022-11-30,2023-01-14,delayed
556,27,14,262,360.79,2024-12-01,2024-12-25,2024-12-24,delivered
557,32,26,312,103.88,2022-08-30,2022-09-24,2022-09-22,delivered
558,23,91,210,151.2,2023-06-23,2023-08-22,,delivered
559,45,62,170,121.08,2022-03-22,2022-05-03,2022-05-04,delivered
560,37,86,253,78.83,2022-01-27,2022-03-17,2022-03-15,delivered
561,17,83,119,231.09,2022-07-04,2022-08-29,2022-08-27,delivered
562,12,6,437,148.83,2023-08-30,2023-09-22,2023-09-20,delivered
563,49,6,5,426.74,2023-10-03,2023-11-06,2023-11-17,delayed
564,40,35,450,367.87,2022-12-16,2023-01-13,,delivered
565,26,52,493,230.99,2024-02-03,2024-04-02,2024-03-31,delivered
566,42,22,58,70.59,2024-02-29,2024-04-20,2024-05-21,delayed
567,37,87,225,94.72,2022-05-01,2022-05-18,2022-05-28,delivered
568,44,94,499,446.42,2024-02-17,2024-04-13,2024-04-08,delivered
569,29,6,33,134.5,2024-09-16,2024-10-24,2024-11-01,delivered
570,50,96,296,363.27,2023-10-06,2023-10-13,2023-11-20,delayed
571,34,89,359,311.03,2023-04-04,2023-05-23,2023-06-30,delayed
572,23,85,347,322.5,2024-06-05,2024-07-24,2024-08-28,delayed
573,4,2,330,467.51,2022-11-01,2022-12-31,2023-02-13,delayed
574,5,97,252,163.71,2024-11-01,2024-12-08,2024-12-23,delayed
575,36,83,194,204.62,2023-11-09,2023-12-03,2023-12-05,delivered
576,6,64,229,161.45,2023-04-27,2023-05-09,2023-05-18,delivered
577,26,53,19,280.78,2024-10-15,2024-12-08,2024-12-19,delayed
578,33,72,106,329.03,2022-01-01,2022-03-01,2022-03-05,delivered
579,15,59,170,282.27,2024-07-23,2024-08-20,2024-08-16,delivered
580,8,13,389,331.16,2024-08-26,2024-10-17,2024-11-19,delayed
581,36,67,192,352.54,2022-01-05,2022-02-02,2022-02-06,delivered
582,7,33,313,101.98,2022-04-04,2022-04-21,2022-04-29,delivered
583,46,44,56,379.79,2022-09-05,2022-10-07,2022-10-08,delivered
584,8,99,457,228.0,2022-04-06,2022-05-23,2022-07-04,delayed
585,1,68,377,29.04,2024-10-29,2024-11-13,,cancelled
586,45,75,89,366.59,2024-06-05,2024-08-04,2024-08-04,delivered
587,33,50,215,489.85,2022-09-20,2022-10-03,,delivered
588,19,58,413,71.02,2023-05-24,2023-06-17,2023-06-22,delivered
589,20,90,281,431.05,2024-04-25,2024-06-09,2024-07-16,delayed
590,44,45,472,337.82,2023-03-22,2023-04-10,2023-04-14,delivered
591,46,15,390,179.36,2022-12-31,2023-02-08,2023-02-13,delivered
592,44,96,458,421.49,2024-09-10,2024-10-24,2024-11-01,delivered
593,7,4,196,76.94,2023-08-09,2023-09-12,2023-10-20,delayed
594,19,88,129,77.48,2022-04-26,2022-05-15,2022-05-15,delivered
595,49,70,17,182.55,2022-05-08,2022-06-28,2022-07-16,delayed
596,48,83,288,197.5,2024-07-15,2024-07-28,2024-07-30,delivered
597,45,86,25,463.61,2024-11-12,2025-01-08,2025-01-31,delayed
598,44,41,495,278.3,2024-03-04,2024-04-06,,cancelled
599,15,82,361,356.22,2022-01-27,2022-03-22,2022-03-31,delivered
600,50,93,494,100.78,2024-01-24,2024-03-19,,delivered
601,5,24,493,91.03,2024-07-08,2024-07-26,,cancelled
602,18,72,136,69.38,2024-11-18,2024-12-02,2024-12-10,delivered
603,3,20,476,164.7,2023-06-07,2023-06-14,2023-06-13,delivered
604,40,85,155,247.82,2022-04-15,2022-06-10,,cancelled
605,34,29,490,96.02,2024-01-04,2024-01-15,2024-02-09,delayed
606,35,69,207,50.51,2022-05-20,2022-07-16,2022-07-24,delivered
607,24,38,112,475.4,2023-03-30,2023-04-19,2023-05-15,delayed
608,49,84,5,61.79,2024-12-22,2025-01-28,,cancelled
609,3,88,454,163.86,2023-12-10,2024-01-14,2024-01-16,delivered
610,2,67,421,386.39,2022-08-21,2022-09-21,2022-09-25,delivered
611,3,38,460,327.51,2024-11-19,2025-01-16,,delivered
612,11,99,276,268.94,2023-10-19,2023-11-27,2023-11-25,delivered
613,44,55,428,56.44,2022-05-15,2022-06-04,2022-06-22,delayed
614,48,88,79,16.76,2024-06-10,2024-07-28,2024-08-06,delayed
615,12,33,286,39.87,2023-11-11,2023-11-20,2023-11-16,delivered
616,41,52,222,161.62,2023-04-12,2023-05-05,2023-05-14,delivered
617,42,93,317,36.3,2024-03-08,2024-04-27,,delivered
618,33,14,149,394.51,2022-04-04,2022-05-25,2022-06-21,delayed
619,25,51,421,332.06,2023-09-10,2023-10-25,2023-11-03,delivered
620,48,51,408,399.75,2024-08-28,2024-09-14,2024-09-13,delivered
621,1,71,448,279.76,2023-08-28,2023-10-14,2023-10-20,delivered
622,35,71,485,47.14,2022-09-10,2022-09-19,2022-09-26,delivered
623,14,53,464,324.74,2023-03-07,2023-04-30,2023-05-27,delayed
624,40,33,100,61.74,2024-11-15,2024-12-01,2024-12-03,delivered
625,36,60,331,277.08,2022-04-22,2022-06-16,,cancelled
626,13,93,298,246.16,2023-08-19,2023-10-07,2023-10-05,delivered
627,7,37,318,39.56,2023-11-09,2023-12-08,2023-12-10,delivered
628,40,85,157,348.26,2023-02-01,2023-02-28,2023-03-05,delivered
629,28,22,3,160.04,2022-11-09,2022-12-22,,delivered
630,18,47,69,341.39,2023-03-30,2023-05-21,2023-06-22,delayed
631,50,40,250,278.08,2023-11-11,2023-12-18,2023-12-24,delivered
632,9,69,101,135.3,2022-12-26,2023-02-12,2023-02-15,delivered
633,33,81,16,407.26,2022-06-06,2022-07-29,2022-07-24,delivered
634,36,34,279,447.52,2024-04-09,2024-06-04,2024-05-31,delivered
635,26,29,457,387.21,2024-08-24,2024-10-11,2024-11-08,delayed
636,26,47,258,10.24,2023-08-19,2023-09-03,2023-08-31,delivered
637,44,22,388,259.5,2023-05-05,2023-07-02,,cancelled
638,48,94,248,469.89,2024-07-02,2024-07-19,2024-07-18,delivered
639,5,34,190,120.84,2022-03-24,2022-04-14,2022-05-03,delayed
640,24,50,241,459.36,2023-02-28,2023-04-09,,cancelled
641,21,14,361,484.38,2022-04-06,2022-04-15,,cancelled
642,35,73,90,191.45,2023-07-15,2023-09-13,2023-10-25,delayed
643,34,33,193,486.47,2024-02-15,2024-03-16,2024-03-13,delivered
644,32,62,455,304.08,2023-04-02,2023-05-12,2023-05-18,delivered
645,5,66,330,144.0,2024-10-24,2024-11-08,2024-11-10,delivered
646,43,30,213,406.53,2022-11-04,2022-11-22,2022-11-20,delivered
647,14,76,83,325.39,2022-08-21,2022-09-27,2022-11-01,delayed
648,37,76,83,71.69,2024-04-21,2024-04-29,2024-04-28,delivered
649,4,22,133,461.61,2024-11-15,2024-11-24,2024-12-08,delayed
650,47,94,339,411.55,2024-11-24,2024-12-26,2024-12-21,delivered
651,31,22,113,416.03,2022-06-25,2022-07-15,,delivered
652,40,85,262,135.94,2022-10-20,2022-12-16,2022-12-16,delivered
653,15,49,198,70.45,2023-12-03,2024-01-08,2024-01-05,delivered
654,10,78,50,92.82,2022-02-03,2022-02-22,2022-03-02,delivered
655,6,62,338,69.51,2022-03-21,2022-05-17,2022-05-15,delivered
656,34,54,190,438.04,2022-01-03,2022-02-28,2022-04-01,delayed
657,50,49,180,296.58,2024-12-21,2025-01-24,2025-02-03,delivered
658,50,30,466,430.23,2022-07-20,2022-08-23,2022-09-02,delivered
659,17,25,3,356.03,2023-08-04,2023-09-18,2023-10-19,delayed
660,25,84,106,345.44,2022-01-15,2022-02-27,2022-02-22,delivered
661,28,84,300,130.55,2023-10-09,2023-11-11,2023-11-10,delivered
662,44,51,387,105.83,2024-05-17,2024-06-29,2024-07-02,delivered
663,17,40,296,175.46,2024-09-15,2024-10-03,2024-10-13,delivered
664,48,30,229,392.64,2024-03-26,2024-05-19,2024-05-17,delivered
665,22,71,315,350.04,2022-11-28,2022-12-11,2022-12-18,delivered
666,6,19,242,463.3,2022-04-17,2022-05-04,2022-04-29,delivered
667,24,11,312,23.69,2024-06-10,2024-06-22,2024-06-24,delivered
668,46,77,30,473.13,2024-02-27,2024-03-30,2024-04-03,delivered
669,13,85,477,402.94,2022-12-25,2023-02-10,2023-02-05,delivered
670,40,22,346,22.85,2023-08-09,2023-08-28,2023-08-30,delivered
671,6,36,400,202.72,2023-05-05,2023-06-22,2023-06-22,delivered
672,48,91,36,459.99,2024-03-20,2024-04-21,2024-04-16,delivered
673,23,45,494,408.68,2023-08-06,2023-09-28,2023-11-09,delayed
674,30,52,295,7.3,2023-04-09,2023-05-24,,cancelled
675,33,38,175,473.77,2022-12-25,2023-01-27,2023-01-24,delivered
676,17,89,227,483.2,2024-11-17,2024-12-10,2025-01-20,delayed
677,50,59,349,233.06,2024-09-17,2024-11-12,2024-11-17,delivered
678,25,82,404,497.13,2022-02-26,2022-04-04,2022-04-01,delivered
679,34,69,5,351.91,2023-04-16,2023-06-13,2023-06-19,delivered
680,44,96,421,174.29,2023-06-24,2023-07-16,2023-07-23,delivered
681,37,35,94,473.82,2023-01-01,2023-02-07,2023-02-08,delivered
682,48,31,447,136.38,2023-01-25,2023-03-04,2023-03-24,delayed
683,23,20,399,57.81,2023-04-15,2023-05-04,2023-06-17,delayed
684,32,79,4,383.3,2022-06-10,2022-07-30,,cancelled
685,32,74,445,140.99,2022-03-28,2022-05-04,2022-05-09,delivered
686,18,51,114,376.33,2023-01-10,2023-03-06,,cancelled
687,31,70,17,253.73,2022-09-20,2022-09-30,2022-10-08,delivered
688,8,90,266,232.73,2024-03-17,2024-05-06,2024-06-09,delayed
689,38,13,167,183.99,2022-01-18,2022-01-25,2022-02-23,delayed
690,18,61,491,308.48,2023-06-16,2023-07-04,2023-07-06,delivered
691,27,90,386,189.29,2024-01-20,2024-02-07,2024-02-08,delivered
692,37,88,118,408.02,2024-03-31,2024-04-24,2024-04-23,delivered
693,25,26,75,401.02,2023-07-07,2023-09-03,2023-09-11,delivered
694,27,64,69,497.8,2022-11-03,2022-12-10,2022-12-26,delayed
695,20,33,288,429.96,2024-11-24,2025-01-04,2025-02-09,delayed
696,4,28,417,130.87,2022-04-08,2022-05-10,2022-05-10,delivered
697,24,47,287,280.96,2022-07-17,2022-08-21,2022-09-11,delayed
698,23,87,494,304.76,2023-06-12,2023-07-11,2023-07-09,delivered
699,44,66,250,388.5,2022-12-24,2023-02-18,2023-02-23,delivered
700,30,81,490,76.7,2024-07-04,2024-07-16,2024-07-20,delivered
701,27,81,314,287.96,2022-12-10,2023-01-26,2023-02-21,delayed
702,21,41,335,149.22,2022-05-27,2022-06-08,,delivered
703,29,100,442,469.69,2023-07-02,2023-08-16,2023-08-19,delivered
704,2,17,373,121.14,2024-12-02,2025-01-06,2025-01-06,delivered
705,14,22,204,55.99,2023-05-31,2023-07-24,2023-08-03,delayed
706,50,51,269,383.67,2022-05-11,2022-06-17,2022-06-12,delivered
707,6,84,477,443.31,2022-06-20,2022-07-03,2022-07-02,delivered
708,29,81,65,69.98,2023-09-26,2023-10-17,2023-10-21,delivered
709,21,61,240,487.62,2022-12-16,2022-12-24,2022-12-30,delivered
710,38,77,234,317.37,2023-07-12,2023-08-23,2023-08-23,delivered
711,23,62,277,117.43,2024-06-09,2024-07-19,2024-07-23,delivered
712,17,20,156,10.23,2022-07-03,2022-08-07,2022-08-15,delivered
713,23,37,241,269.87,2024-12-07,2025-02-04,2025-02-17,delayed
714,50,56,409,150.0,2024-10-04,2024-11-28,2024-11-23,delivered
715,13,53,452,282.47,2023-04-19,2023-06-15,2023-06-21,delivered
716,25,29,135,44.21,2024-03-19,2024-04-10,2024-04-17,delivered
717,45,88,140,145.92,2023-05-06,2023-06-15,2023-07-29,delayed
718,5,24,70,148.35,2024-12-25,2025-02-21,2025-02-22,delivered
719,13,42,10,80.31,2024-07-21,2024-09-05,2024-09-15,delivered
720,19,35,65,359.02,2024-12-31,2025-01-08,2025-01-06,delivered
721,32,28,176,213.02,2022-01-17,2022-02-07,2022-02-02,delivered
722,22,11,432,376.53,2024-10-17,2024-11-16,2024-11-12,delivered
723,5,70,241,94.89,2022-10-27,2022-11-06,,delivered
724,8,99,366,128.24,2023-05-28,2023-07-26,2023-07-21,delivered
725,13,59,377,386.64,2024-06-26,2024-07-18,2024-07-25,delayed
726,31,50,349,480.8,2024-12-03,2025-01-21,,cancelled
727,48,71,267,65.46,2023-10-24,2023-11-10,2023-11-06,delivered
728,4,86,112,486.77,2024-09-12,2024-10-29,2024-11-04,delivered
729,11,36,300,64.23,2023-04-29,2023-06-15,2023-06-10,delivered
730,38,89,244,345.76,2023-05-13,2023-05-20,,cancelled
731,11,64,47,344.54,2022-11-14,2022-12-14,2023-01-03,delayed
732,23,83,79,352.16,2023-11-25,2024-01-19,2024-01-15,delivered
733,36,83,388,176.92,2022-08-08,2022-08-23,2022-08-28,delivered
734,23,93,69,129.09,2024-06-17,2024-08-09,2024-08-16,delivered
735,19,70,357,247.6,2022-03-22,2022-04-29,2022-06-08,delayed
736,18,77,469,430.98,2023-01-18,2023-02-28,2023-03-09,delivered
737,19,34,278,186.72,2022-11-25,2022-12-06,2022-12-15,delivered
738,47,24,453,14.27,2022-01-02,2022-02-27,2022-03-06,delivered
739,47,9,338,483.75,2024-01-16,2024-03-12,2024-03-17,delivered
740,50,71,79,308.45,2024-03-04,2024-03-23,2024-04-02,delivered
741,7,67,338,38.01,2023-10-23,2023-11-25,2023-11-23,delivered
742,7,63,99,53.88,2022-09-23,2022-10-11,2022-10-28,delayed
743,4,47,114,304.95,2024-03-06,2024-04-24,2024-04-27,delivered
744,14,84,252,464.56,2022-05-26,2022-06-02,,cancelled
745,24,72,381,469.43,2022-06-13,2022-07-19,2022-07-27,delayed
746,40,35,271,25.12,2024-05-01,2024-06-29,2024-06-25,delivered
747,34,13,52,363.96,2022-05-25,2022-07-24,2022-07-25,delivered
748,37,81,486,93.55,2024-12-24,2025-01-24,2025-01-26,delivered
749,44,59,360,334.29,2024-04-30,2024-06-23,2024-06-29,delivered
750,26,65,173,330.48,2022-08-02,2022-08-19,2022-09-28,delayed
751,21,71,167,423.2,2024-12-29,2025-02-12,2025-02-18,delivered
752,39,31,289,275.08,2024-04-24,2024-06-18,2024-06-23,delivered
753,24,58,230,480.11,2024-02-08,2024-04-04,2024-04-07,delivered
754,39,3,266,71.87,2022-01-01,2022-02-23,2022-02-27,delivered
755,14,41,12,386.9,2023-09-11,2023-09-18,2023-09-20,delivered
756,7,5,236,181.05,2023-07-20,2023-08-31,2023-08-30,delivered
757,15,33,416,153.65,2022-10-11,2022-11-03,2022-11-05,delivered
758,47,10,371,165.72,2024-03-29,2024-05-11,,cancelled
759,39,83,154,23.5,2024-09-15,2024-10-03,2024-10-01,delivered
760,23,56,214,465.47,2024-02-21,2024-03-04,2024-03-30,delayed
761,41,100,324,194.33,2022-09-04,2022-10-30,2022-10-25,delivered
762,21,65,358,114.29,2023-09-17,2023-10-27,2023-10-26,delivered
763,29,97,305,289.75,2022-04-14,2022-06-03,2022-07-03,delayed
764,10,17,173,45.86,2022-07-04,2022-07-25,2022-08-01,delivered
765,26,65,223,388.04,2022-04-11,2022-05-23,,delivered
766,32,51,334,287.81,2022-09-25,2022-11-19,2022-11-20,delivered
767,50,56,166,343.95,2024-12-09,2024-12-31,2025-01-03,delivered
768,24,45,98,163.77,2022-07-03,2022-07-17,2022-08-18,delayed
769,40,57,320,77.18,2022-02-19,2022-04-16,2022-04-22,delivered
770,10,97,373,427.12,2022-04-02,2022-05-31,2022-06-06,delivered
771,19,2,176,348.43,2022-08-19,2022-10-12,2022-10-11,delivered
772,22,27,379,271.31,2022-08-16,2022-09-11,2022-09-06,delivered
773,36,62,319,366.31,2023-02-22,2023-04-04,2023-04-07,delivered
774,25,75,464,333.45,2022-10-17,2022-12-07,2022-12-13,delayed
775,13,90,317,139.28,2022-03-31,2022-04-23,2022-04-27,delivered
776,5,50,339,139.3,2024-08-10,2024-09-27,,cancelled
777,15,49,261,488.42,2024-01-08,2024-01-21,2024-01-28,delivered
778,12,26,257,483.56,2022-07-23,2022-08-19,2022-08-16,delivered
779,22,63,202,373.47,2022-02-14,2022-02-23,2022-02-27,delivered
780,41,39,121,498.02,2022-02-07,2022-03-08,2022-04-04,delayed
781,17,50,456,499.98,2024-10-23,2024-11-16,2024-12-31,delayed
782,15,20,175,449.1,2022-03-02,2022-04-13,,cancelled
783,44,79,447,314.63,2022-10-09,2022-10-21,2022-11-28,delayed
784,28,40,466,304.66,2023-04-11,2023-05-14,2023-05-13,delivered
785,38,70,351,401.05,2024-07-08,2024-08-18,2024-08-17,delivered
786,9,56,466,488.01,2022-10-10,2022-11-05,2022-12-13,delayed
787,11,41,35,280.88,2022-10-25,2022-12-12,,cancelled
788,47,4,392,162.75,2022-08-31,2022-09-18,2022-09-17,delivered
789,10,100,97,57.85,2024-04-27,2024-05-30,2024-06-02,delivered
790,40,35,311,285.69,2023-01-14,2023-01-22,2023-03-07,delayed
791,23,11,353,391.01,2023-04-18,2023-06-02,2023-05-28,delivered
792,46,84,192,96.07,2022-10-02,2022-11-10,2022-12-15,delayed
793,13,29,17,207.25,2024-03-04,2024-04-11,2024-04-11,delivered
794,15,96,344,494.18,2022-01-31,2022-02-24,,cancelled
795,40,63,353,165.82,2023-02-23,2023-03-06,,delivered
796,39,95,423,193.29,2024-07-26,2024-08-17,2024-08-13,delivered
797,34,14,232,231.17,2023-10-03,2023-11-04,2023-10-31,delivered
798,48,6,286,196.76,2022-03-28,2022-04-19,2022-04-26,delivered
799,20,100,424,146.53,2022-04-11,2022-04-30,2022-05-07,delivered
800,45,67,463,75.41,2022-12-07,2023-01-10,2023-01-06,delivered
